{"root":[{"assemblyName":"LDtkUnity.Runtime","nameSpace":"LDtkUnity","className":"LDtkComponentLevel","methodName":"ResetStatically","loadTypes":4,"isUnityClass":false},{"assemblyName":"LDtkUnity.Runtime","nameSpace":"LDtkUnity","className":"LDtkIidBank","methodName":"Release","loadTypes":4,"isUnityClass":false},{"assemblyName":"LDtkUnity.Runtime","nameSpace":"LDtkUnity","className":"LDtkIidComponentBank","methodName":"Release","loadTypes":4,"isUnityClass":false},{"assemblyName":"LDtkUnity.Runtime","nameSpace":"LDtkUnity","className":"LDtkUidBank","methodName":"ReleaseDefinitions","loadTypes":4,"isUnityClass":false},{"assemblyName":"Unity.2D.Animation.Runtime","nameSpace":"","className":"$BurstDirectCallInitializer","methodName":"Initialize","loadTypes":2,"isUnityClass":true},{"assemblyName":"Unity.2D.SpriteShape.Runtime","nameSpace":"","className":"$BurstDirectCallInitializer","methodName":"Initialize","loadTypes":2,"isUnityClass":true},{"assemblyName":"Unity.Collections","nameSpace":"","className":"$BurstDirectCallInitializer","methodName":"Initialize","loadTypes":2,"isUnityClass":true},{"assemblyName":"Unity.VisualScripting.Core","nameSpace":"Unity.VisualScripting","className":"RuntimeVSUsageUtility","methodName":"RuntimeInitializeOnLoadBeforeSceneLoad","loadTypes":1,"isUnityClass":true}]}
